title,year,awards,nominations,best_picture
The King's Speech,2010,4,12,TRUE
Inception,2010,4,8,NA
The Social Network,2010,3,8,NA
The Fighter,2010,2,7,NA
Toy Story 3,2010,2,5,NA
Alice in Wonderland,2010,2,3,NA
Black Swan,2010,1,5,NA
In a Better World,2010,1,1,NA
The Lost Thing,2010,1,1,NA
God of Love,2010,1,1,NA
The Wolfman,2010,1,1,NA
Strangers No More,2010,1,1,NA
Inside Job,2010,1,1,NA
The Artist,2011,5,10,TRUE
Hugo,2011,5,11,NA
The Iron Lady,2011,2,2,NA
The Descendants,2011,1,5,NA
The Girl with the Dragon Tattoo,2011,1,5,NA
Midnight in Paris,2011,1,4,NA
The Help,2011,1,4,NA
A Separation,2011,1,2,NA
The Fantastic Flying Books of Mr. Morris Lessmore,2011,1,1,NA
The Shore,2011,1,1,NA
Undefeated,2011,1,1,NA
The Muppets,2011,1,1,NA
Saving Face,2011,1,1,NA
Beginners,2011,1,1,NA
Rango,2011,1,1,NA
Argo,2012,3,7,TRUE
Life of Pi,2012,4,11,NA
Les Misérables,2012,3,8,NA
Lincoln,2012,2,12,NA
Django Unchained,2012,2,5,NA
Skyfall,2012,2,5,NA
Silver Linings Playbook,2012,1,8,NA
Zero Dark Thirty,2012,1,5,NA
Amour,2012,1,5,NA
Anna Karenina,2012,1,4,NA
Paperman,2012,1,1,NA
Brave,2012,1,1,NA
Searching for Sugar Man,2012,1,1,NA
Inocente,2012,1,1,NA
Curfew,2012,1,1,NA
12 Years a Slave,2013,3,9,TRUE
Gravity,2013,7,10,NA
Dallas Buyers Club,2013,3,6,NA
Frozen,2013,2,2,NA
The Great Gatsby,2013,2,2,NA
Her,2013,1,5,NA
Blue Jasmine,2013,1,3,NA
Mr Hublot,2013,1,1,NA
The Lady in Number 6: Music Saved My Life,2013,1,1,NA
Helium,2013,1,1,NA
The Great Beauty,2013,1,1,NA
20 Feet from Stardom,2013,1,1,NA
Birdman,2014,4,9,TRUE
The Grand Budapest Hotel,2014,4,9,NA
Whiplash,2014,3,5,NA
The Imitation Game,2014,1,8,NA
American Sniper,2014,1,6,NA
Boyhood,2014,1,6,NA
Interstellar,2014,1,5,NA
The Theory of Everything,2014,1,5,NA
Ida,2014,1,2,NA
Selma,2014,1,2,NA
Citizenfour,2014,1,1,NA
Big Hero 6,2014,1,1,NA
Crisis Hotline: Veterans Press 1,2014,1,1,NA
The Phone Call,2014,1,1,NA
Still Alice,2014,1,1,NA
Feast,2014,1,1,NA
Spotlight  ,2015,2,6,TRUE
Mad Max: Fury Road ,2015,6,10,NA
The Revenant   ,2015,3,12,NA
Bridge of Spies,2015,1,6,NA
The Big Short  ,2015,1,5,NA
The Danish Girl,2015,1,4,NA
Room   ,2015,1,4,NA
Ex Machina ,2015,1,2,NA
The Hateful Eight  ,2015,1,2,NA
Inside Out ,2015,1,2,NA
Amy,2015,1,1,NA
Bear Story ,2015,1,1,NA
A Girl in the River: The Price of Forgiveness  ,2015,1,1,NA
Son of Saul,2015,1,1,NA
Spectre,2015,1,1,NA
Stutterer  ,2015,1,1,NA
